Wall time,Step,Value
1700652499.933051,172800.0,-1.0
1700652527.4392843,205536.36818409205,-1.0
1700652593.663147,284409.75922263623,-1.0
1700652645.2500262,344669.64900682867,-1.0
1700652693.0342667,400801.47064120905,-1.0
1700652744.0805407,461133.18720412866,-1.0
1700652806.987658,535076.1915567826,-0.8567137140002863
1700652865.3637817,603570.9202985294,-0.7492491250013138
1700652916.0084426,662470.5342596888,-0.6656656673360013
1700652979.7164114,737041.3562469082,-0.6992498270154643
1700653034.4472535,801088.5099315803,-0.6353631840942685
1700653081.8889863,856394.304311191,-0.6659170729119488
1700653124.2599006,905816.3439535612,-0.6143846188483706
1700653161.563765,949312.2003779702,-0.5702140397352765
1700653215.4193532,1012049.1818981671,-0.531932960582328
1700653263.8784554,1068344.357906671,-0.49843710014675446
1700653335.511691,1150417.414550518,-0.5281775381777056
1700653403.146198,1227518.0985063815,-0.49858413422954106
1700653469.6776533,1302962.2053469056,-0.47210590494769855
1700653530.905061,1372184.578666409,-0.498752237452627
1700653604.493535,1452986.331285997,-0.4747637585752858
1700653678.4583051,1533628.4401401368,-0.4529561269076536
1700653747.3526452,1608480.3176398964,-0.4330448841177147
1700653823.0990663,1689967.9088517504,-0.414792981595442
1700653894.1457303,1766437.5920164927,-0.39800129850839916
1700653961.6562092,1839062.272242133,-0.38250134799835805
1700654040.3501592,1920695.8185567206,-0.4056703707520389
1700654116.8157353,1999780.8489819914,-0.3909856063361146
1700654188.4558692,2073739.2547608777,-0.37731364815934765
1700654257.6998997,2144959.330303291,-0.39837238069824754
1700654327.781043,2216362.308784489,-0.3853278693552485
1700654402.7788463,2290876.490014443,-0.37309870321760247
1700654482.3058085,2369334.0730817746,-0.3616107599935269
1700654565.3885856,2451241.892286999,-0.3507986376608489
1700654646.9320662,2531474.3341249735,-0.3406044087142037
1700654725.9808707,2609356.5547996047,-0.33097658203770036
1700654801.7142043,2683959.2045876035,-0.3218692331225602
1700654875.5558043,2756516.944297215,-0.3132412716188128
1700654948.044636,2827890.3885448687,-0.3050558215713461
1700655022.6923633,2901198.2921914584,-0.29727969462054893
1700655097.997114,2975123.35684905,-0.28988294029554307
1700655170.6387684,3046432.089200397,-0.28283846055123846
1700655242.7546346,3117107.7277784627,-0.2761216780909161
1700655312.0333302,3185034.744888953,-0.2697102499175495
1700655379.7104836,3251270.308643595,-0.2635838190782833
1700655448.3591678,3318455.2012664094,-0.2577237987900669
1700655515.4531548,3384022.0739520644,-0.2521131841237177
1700655580.9450185,3448008.4956663544,-0.24673638722747648
1700655644.5454886,3510160.6256509316,-0.24157909272727052
1700655710.1749976,3573969.611386447,-0.2366281304789447
1700655776.8748312,3638495.9985422743,-0.23187136329081884
1700655841.4081004,3700930.1649366575,-0.22729758760133406
1700655905.839022,3762944.7142585223,-0.24225935306306684
1700655969.440759,3824095.994228155,-0.23765309192727666
1700656032.251481,3884345.712905353,-0.23321437118313032
1700656098.2236822,3947323.5211102194,-0.2472870970062477
1700656166.0640051,4011693.7861565477,-0.24282607774388756
1700656232.0978758,4074329.096439379,-0.23851892768880872
1700656299.385365,4138131.5274803936,-0.23435782298255034
1700656365.9994373,4201236.240854647,-0.23033546135720778
1700656435.629366,4266672.550959853,-0.24333534947794275
1700656506.0428662,4332411.216771949,-0.23928962303001014
1700656577.177763,4398855.977556246,-0.2353723728587071
1700656650.4613733,4467445.958068285,-0.2477000984725119
1700656721.5493765,4534014.217212478,-0.24376604109508293
1700656791.540739,4599616.699615407,-0.2556006794259303
1700656860.1805315,4663922.5447949,-0.2516584236473233
1700656927.3717341,4726917.752486282,-0.24783215933450675
1700656993.076107,4788515.188162584,-0.24411684337970274
1700657057.2694464,4848754.617288373,-0.25529212686510944
1700657120.0824573,4907635.745282742,-0.2515691040676015
1700657181.153877,4964887.514579798,-0.24794954144103415
1700657246.2382445,5026014.784497517,-0.2444291871969552
1700657311.150853,5086916.093825629,-0.241004019373307
1700657374.9272237,5146795.087740449,-0.23767023051266692
1700657437.687622,5205648.26568224,-0.23442421355009999
1700657499.2954776,5263414.002861338,-0.23126254880065986
1700657564.8530612,5324448.93082791,-0.2281819919478511
1700657629.422348,5384543.818541362,-0.22517946294436003
1700657693.5837872,5444209.292451112,-0.22225203574523106
1700657756.629174,5502778.139866241,-0.2193969288015481
1700657818.574257,5560298.785645408,-0.22930735560863927
1700657879.3567817,5616740.227138414,-0.22642975765284437
1700657939.182444,5672243.575554704,-0.22362071282723855
1700657998.0816653,5726809.161933474,-0.22087780160893739
1700658056.7471578,5781116.120724548,-0.21819871701099702
1700658114.4567697,5834501.702575004,-0.21558125811483134
1700658171.2708395,5887051.768794081,-0.21302332404360066
1700658227.7105732,5939263.420941028,-0.210522908341889
1700658286.4180305,5993309.667611027,-0.2080780937300694
1700658344.8082614,6047070.032072602,-0.20568704720453526
1700658403.548093,6101140.866039033,-0.20334801545748193
1700658461.030746,6154058.519123461,-0.20105932059218604
1700658518.1069024,6206578.159599856,-0.19881935611177787
1700658578.1142526,6261618.701776413,-0.19662658316135434
1700658638.2497087,6316589.331644586,-0.19447952700495982
1700658705.4350157,6378160.306147599,-0.2031889826807657
1700658771.7073147,6438979.131646804,-0.20101340813365942
1700658838.511566,6500305.713905909,-0.19888181943300295
1700658904.610972,6560935.484571868,-0.19679289700272262
1700658972.0986614,6622891.375114246,-0.19474537352717652
1700659038.7608492,6684061.863058805,-0.19273803138936868
1700659104.562609,6744445.843568241,-0.1907697002583933
1700659170.066474,6804502.697294878,-0.18883925481606512
1700659239.4464674,6867824.895447998,-0.18694561261345652
1700659308.0137458,6930340.183758745,-0.18508773204876275
1700659379.5893059,6995445.913465431,-0.1931146505991146
1700659450.7520795,7060179.358167966,-0.2009927819012837
1700659522.0810292,7125083.877471352,-0.20872622102014432
1700659592.3533454,7189082.586185019,-0.2067233818285351
1700659662.1802862,7252633.008773977,-0.20475666591516206
1700659730.9342542,7315208.041716373,-0.20282510569142434
1700659798.5957649,7376765.404736686,-0.20092776781963786
1700659866.6780837,7438656.83181989,-0.20834079753210852
1700659934.1441236,7499928.566145602,-0.20642387684729963
1700660001.7761116,7561325.180019927,-0.20454004265446135
1700660068.9366233,7622328.97385612,-0.2026884465811765
1700660136.3854864,7683608.021807261,-0.20086826901340782
1700660203.4866335,7744571.846249471,-0.19907871788716267
1700660270.461136,7805402.051093763,-0.1973190275405746
1700660339.4729633,7867804.804493635,-0.19558845762290628
1700660408.381635,7930096.489693216,-0.1938862920572082
1700660477.1244016,7992319.208218777,-0.19221183805357933
1700660544.869945,8053634.168829901,-0.19056442517017327
1700660613.3908808,8115750.331982641,-0.18894340441927593
1700660680.8599958,8176935.716878302,-0.1873481474159512
1700660747.6953452,8237572.772301043,-0.18577804556690797
1700660814.0535936,8297790.613791539,-0.18423250929738885
1700660881.1014192,8358686.492992379,-0.18271096731401787
1700660949.295518,8420693.390681263,-0.18121286590167035
1700661016.7145097,8481983.099092953,-0.1797376682525473
1700661088.8992305,8547344.728760386,-0.18636782519688724
1700661161.461301,8612983.38067104,-0.18487201418787252
1700661237.1820402,8681350.531227104,-0.1833985614012516
1700661312.0588815,8748962.68707932,-0.18194696998677123
1700661385.9785028,8815720.411615938,-0.1805167577074144
1700661458.9829779,8881667.96268765,-0.18691449503917076
1700661531.3315337,8947014.83883441,-0.1932193674781448
1700661604.1659179,9012796.5327642,-0.19173114702938424
1700661684.9571595,9085468.86859891,-0.19026422087998632
1700661764.7012243,9157197.491134366,-0.1888181359588092
1700661843.3446217,9227949.706274351,-0.19494301903758923
1700661920.9450278,9297733.052067764,-0.19348066792456714
1700661999.5353308,9368589.20854918,-0.19203866163456493
1700662077.684576,9439078.680750892,-0.19061657923922898
1700662156.9265447,9510671.714431368,-0.18921401134248259
1700662235.195266,9581369.927461792,-0.18783055968827164
1700662312.6243026,9651306.816828704,-0.18646583678421247
1700662391.5934136,9722695.366285363,-0.1851194655403949
1700662470.3296463,9793862.597699692,-0.1837910789226332
1700662548.9644623,9864881.025478218,-0.18248031961949487
1700662627.0542507,9935381.503316954,-0.18118683972247346
1700662705.060677,10005840.166830162,-0.18695573101247873
1700662782.4347541,10075717.036354642,-0.1856464624775781
1700662859.4223528,10145208.418495903,-0.18435412092082085
1700662937.2659283,10215391.527362572,-0.18307838082237696
1700663015.3660867,10285803.68871219,-0.1818189249559088
1700663097.0997458,10359374.557659958,-0.18057544412611867
1700663178.1717765,10432314.656025985,-0.17934763691620062
1700663258.4391499,10504538.383264774,-0.18489541823415803
1700663339.208456,10577206.026031107,-0.1836526452346475
1700663419.9238718,10649870.059520358,-0.18242524806599048
1700663500.1409128,10722090.124654764,-0.18785842917474807
1700663579.4931474,10793523.733268704,-0.18661702703688443
1700663658.4619448,10864618.41037735,-0.19196203162355152
1700663737.5110178,10935773.245128937,-0.19070757553938703
1700663815.988671,11006357.022226885,-0.19596712378682812
1700663896.2440784,11078499.030848464,-0.19470050896196742
1700663978.1699288,11152324.925946657,-0.1934489187252483
1700664059.7810838,11225913.240479067,-0.19221208793570482
1700664144.2675834,11302256.37616465,-0.190989757654492
1700664230.6136887,11380186.769220347,-0.1897816749645916
1700664316.2509139,11457444.155151602,-0.18858759279677095
1700664403.1666946,11535814.122841308,-0.18740726976154307
1700664489.0884633,11613288.775942087,-0.18624046998688826
1700664574.6680307,11690472.218801104,-0.1850869629615078
1700664659.861253,11767332.98161185,-0.1777848815266728
1700664749.7027287,11848323.50491552,-0.17669506002743315
1700664839.2911422,11929014.063603977,-0.17561744728946893
1700664927.951877,12008838.687639331,-0.17455183983228964
1700665017.467011,12089399.958010716,-0.17349803867220487
1700665106.2177231,12169318.617567785,-0.17245584919878593
1700665194.48125,12248823.926550383,-0.17142508105537774
1700665282.4930792,12328159.587597027,-0.17040554802350721
1700665369.9160554,12406976.799257495,-0.17531518574325802
1700665456.7995172,12485324.030076742,-0.1742827275672189
1700665543.1503735,12563211.804535618,-0.17326134340142682
1700665629.4201035,12641095.162555214,-0.17225085653177663
1700665716.1024413,12719398.200616147,-0.17125109398413807
1700665803.2162654,12798097.478859639,-0.17026188642593534
1700665889.90113,12876367.945714137,-0.16928306807081844
1700665977.213669,12955154.84378797,-0.16831447658631352
1700666065.983592,13035156.359454675,-0.16735595300434422
1700666154.085835,13114587.408108337,-0.16640734163452053
1700666241.7577536,13193622.076245027,-0.16546848998009533
1700666333.109356,13273417.099578766,-0.1645392486564941
1700666423.7562516,13352625.902897034,-0.16361947131232565
1700666514.2547412,13431739.309270896,-0.16270901455278663
1700666605.1197276,13511206.641124673,-0.1618077378653754
1700666695.1769085,13589969.15099881,-0.16642966701931972
1700666784.8668642,13668371.857330171,-0.165516070751769
1700666874.8973076,13747136.583690511,-0.17007639999467025
1700666965.3189838,13826306.367891386,-0.17459164782085604
1700667056.5960052,13906238.73227488,-0.17364597109478205
1700667147.2242525,13985599.279902305,-0.17270955233164995
1700667237.4033132,14064515.841388833,-0.17178225670546013
1700667327.4236848,14143262.029331215,-0.1762097003139739
1700667416.8290224,14221494.468881441,-0.175271803468468
1700667505.6767747,14299271.351995027,-0.174342913923444
1700667597.7012284,14380171.480792768,-0.17342290300184374
1700667689.862469,14461253.177210782,-0.17251164446597825
1700667781.2321818,14541638.28588108,-0.17160901445999546
1700667873.7263117,14622973.413248036,-0.17071489145396854
1700667966.3897738,14704496.715156442,-0.1698291561895518
1700668058.6591296,14785653.436448893,-0.16895169162715337
1700668150.407169,14866341.986348392,-0.16808238289457494
1700668241.4050016,14946356.951109147,-0.1672211172370721
1700668331.8372734,15025869.78645654,-0.16636778396878857
1700668422.0545888,15105216.149416443,-0.1655222744255216
1700668511.667601,15184056.806693293,-0.16468448191877508
1700668600.6140327,15262293.866563905,-0.1638543016910604
1700668688.8613043,15339936.017844625,-0.16303163087240533
1700668777.3857024,15417816.059371684,-0.1622163684380329
1700668865.2134123,15495072.7841817,-0.1614084151671741
1700668952.3377578,15571693.26382043,-0.1606076736029788
1700669039.9450626,15648754.099189578,-0.15981404801349103
1700669129.0579224,15727141.122769529,-0.15902744435365557
1700669218.4795508,15805894.401607439,-0.1582477702283247
1700669307.3184543,15884154.135583436,-0.15747493485623396
1700669395.4445407,15961782.695325948,-0.15670884903491766
1700669482.988429,16038919.959463986,-0.15594942510653584
1700669571.0935473,16116542.653987104,-0.16002409187974873
1700669659.2450445,16194157.81665353,-0.15925451873573054
1700669746.9005015,16271285.216567844,-0.1584915527718667
1700669835.1149104,16348995.066099467,-0.15773510963979862
1700669923.7957249,16427208.84284887,-0.15223027903508435
1700670011.811483,16504841.241596559,-0.15150915802032852
1700670099.2852423,16581994.316802049,-0.1507941250922027
1700670186.1138859,16658591.10791282,-0.15478701951721038
1700670272.3969562,16734723.156359164,-0.15406190830252697
1700670360.5029745,16812566.1695908,-0.1533428433726289
1700670449.5538301,16891205.764765475,-0.15262974977219487
1700670537.953663,16969269.99892095,-0.15192255377973043
1700670628.141746,17048864.516537357,-0.14660454841955217
1700670718.337631,17128420.485134862,-0.14593016779712523
1700670809.3364305,17208755.75300125,-0.14526129725675527
1700670900.1210272,17288902.89403339,-0.14459786987303333
1700670990.5081553,17368689.196239334,-0.1439398197999872
1700671083.2311108,17450596.945251063,-0.14328708224940598
1700671177.6850321,17534056.88496344,-0.1426395934696848
1700671271.4556484,17616917.233191185,-0.1419972907251754
1700671365.2783198,17699900.678309713,-0.14136011227602815
1700671458.7331603,17782586.839341328,-0.14072799735851238
1700671552.2202098,17865338.875467714,-0.1401008861658013
1700671645.4792042,17947892.716875836,-0.14391956494888797
1700671738.341712,18030121.726768,-0.14328263203875383
1700671831.2276459,18112389.311918326,-0.14265068276623072
1700671924.563718,18194967.350102454,-0.14202365918066676
1700672017.3481321,18277065.26454514,-0.14140150422639552
1700672112.2184734,18360978.204418395,-0.14078416172552483
1700672207.3357866,18445089.98833521,-0.14017157636112113
1700672302.6577928,18529399.67764713,-0.13956369366077903
1700672397.2586079,18613074.949192367,-0.14328274226179855
1700672491.197341,18696152.65578103,-0.14266548450821162
1700672584.8995912,18779021.828049887,-0.14205291225313835
1700672678.2451386,18861572.428244565,-0.14144497265119074
1700672770.9727604,18943571.20218972,-0.13657593356676087
1700672863.1832242,19025110.89009047,-0.13599524068445687
1700672955.0006819,19106324.701559596,-0.13541889096048892
1700673047.6142416,19188308.759577554,-0.13484683613616563
1700673140.4414566,19270462.25619298,-0.13427902866509603
1700673232.9711757,19352309.533317566,-0.1337154217000958
1700673325.7070553,19434343.83731903,-0.1373398740675664
1700673419.7361445,19517666.107846774,-0.13676708080284788
1700673513.0781038,19600379.420110233,-0.13619847926754874
1700673605.821779,19682581.635974746,-0.1356340238979733
1700673698.2268944,19764508.100739174,-0.13507366978838029
1700673791.386775,19847165.91309936,-0.13451737267914918
1700673884.0288966,19929370.995021246,-0.13396508894520098
1700673976.212628,20011159.430996433,-0.13341677558466708
1700674067.814719,20092439.513533603,-0.12879205342495367
1700674159.3796763,20173662.25537241,-0.12826815226404203
1700674252.9599617,20256637.24652762,-0.12774797802565943
1700674346.4308248,20339525.096866995,-0.1272314913395306
1700674441.074204,20423441.359274913,-0.12671865338794083
1700674535.3028314,20507013.224440668,-0.12620942589607573
1700674629.16225,20590250.423632577,-0.1297102450441624
1700674722.4417872,20672964.049472194,-0.12919212205328895
1700674815.4711754,20755418.777653225,-0.13266014847156476
1700674908.2160215,20837633.94023806,-0.13213339530582044
1700675000.8749075,20919787.102535326,-0.13161028771075947
1700675093.2400885,21001681.565636106,-0.13109078823042605
1700675185.7174225,21083685.590575866,-0.13057485992020362
1700675278.2667933,21165720.239966143,-0.13006246633811855
1700675370.8124428,21247697.685154833,-0.12564087622824568
1700675463.9452434,21330294.368336707,-0.12905204138465387
1700675556.839947,21412714.077939313,-0.1285500230584508
1700675649.3384836,21494821.47889901,-0.12805139865369916
1700675741.2437027,21576384.900274508,-0.12755613411621336
1700675832.627635,21657513.205737807,-0.12320755442470772
1700675924.228411,21738870.263835553,-0.12273374058316035
1700676015.9789753,21820421.979101736,-0.12226308818126183
1700676107.3170512,21901604.225386538,-0.12179556591621221
1700676198.5430152,21982702.467184212,-0.12133114289708592
1700676290.588768,22064504.98013924,-0.1208697886380797
1700676382.3529944,22146041.353896864,-0.120411473051893
1700676474.846723,22228243.344133094,-0.12373742247404097
1700676567.1732109,22310302.555553384,-0.12327083729192657
1700676659.7778711,22392558.672071617,-0.1265676453604192
1700676752.1523206,22474619.497535422,-0.12609301691887229
1700676844.1926558,22556393.476638712,-0.1256214650997751
1700676937.0981739,22638862.090878773,-0.12515296031871348
1700677030.057597,22721400.536946315,-0.1284068176675844
1700677124.4842012,22805173.64193352,-0.127930523709696
1700677218.4264286,22888523.904569693,-0.12745727859167574
1700677312.0263457,22971588.20111198,-0.1269870533672909
1700677405.0949936,23054191.789201956,-0.126519819455556
1700677497.9644756,23136662.199114785,-0.12238599849996913
1700677590.3402212,23218684.40832681,-0.12193809264977176
1700677682.2770138,23300339.038401194,-0.12149300985890268
1700677774.3695934,23382170.117776163,-0.12105072374212497
1700677865.922378,23463538.426173292,-0.12061120824196396
1700677956.9360602,23544411.66423512,-0.11655312726038723
1700678047.5070822,23624896.709087446,-0.11974399831265975
1700678138.3359122,23705659.118137795,-0.11571019489494076
1700678230.2168918,23787390.675158806,-0.11170135572405117
1700678321.69687,23868764.268213876,-0.11130104154590403
1700678416.119711,23952642.189549137,-0.11447774386836371
1700678510.79626,24036783.882438537,-0.11763496246772788
1700678605.3486307,24120832.44525148,-0.12077287448003618
1700678700.5465095,24205354.631291952,-0.12034447086810453
1700678795.254493,24289428.798453085,-0.11991867147204739
1700678889.7522357,24373353.88351232,-0.11949545282891076
1700678983.8900788,24456953.83953232,-0.11907479175672957
1700679077.469912,24540066.475026138,-0.11514520503008394
1700679170.5077114,24622711.840128053,-0.11474189012094463
1700679263.0909984,24704962.309443943,-0.11084707178817757
1700679355.299014,24786902.064080283,-0.11046074452101724
1700679447.0127196,24868408.326786432,-0.11007671808536072
1700679538.6367667,24949867.25756942,-0.10622697355238916
1700679629.8927145,25031006.129020676,-0.10585948551404886
1700679721.2822478,25112324.2041718,-0.10549416727198087
1700679812.431208,25193444.3185846,-0.10513099984696435
1700679903.570846,25274568.10008652,-0.10133581692144783
1700679994.9889085,25355971.643812444,-0.10098865980477437
1700680086.6125495,25437537.132663626,-0.1006435292027437
1700680177.9173126,25518809.368850358,-0.1003004075936921
1700680269.231652,25600074.578695327,-0.09995927765735041
1700680360.4867857,25681283.72200057,-0.09962012227195877
1700680451.7028017,25762443.73267649,-0.10266776035420813
1700680542.6418288,25843335.73995958,-0.09894429085979595
1700680633.1287134,25923838.031524338,-0.09524219379353849
1700680723.5507522,26004283.686693907,-0.09492210240912803
1700680814.670419,26085332.45148245,-0.0946038381556062
1700680905.633837,26166263.99044114,-0.09428738559111342
1700680996.2548316,26246902.801613707,-0.09397272944729054
1700681086.9490845,26327632.5125495,-0.09365985462684889
1700681177.9359145,26408590.130682033,-0.093348746201181
1700681268.661334,26489294.908715446,-0.09303938940801126
1700681359.2750483,26569932.8166972,-0.09273176964908585
1700681449.8564956,26650577.29926463,-0.09242587248790084
1700681540.8580775,26731594.046078984,-0.09212168364746817
1700681632.3019543,26812929.77553186,-0.09181918900811843
1700681723.7030528,26894261.162483253,-0.09479453513374465
1700681814.8060386,26975333.099461216,-0.09121595790725702
1700681909.2267022,27059522.97209581,-0.09091847335447176
1700682003.6053648,27143675.55075209,-0.09062262799584726
1700682097.4770517,27227383.950696018,-0.09032840846707213
1700682190.9554894,27310741.87129571,-0.09003580154870204
1700682284.098706,27393787.15747936,-0.08974479416420217
1700682377.5160925,27477072.74973909,-0.08945537337802112
1700682470.5408087,27560004.613483414,-0.08594975452091302
1700682563.3488283,27642765.225397456,-0.08567379982291042
1700682655.7098079,27725124.698099837,-0.08539933785895938
1700682747.6914573,27807144.564609032,-0.08512635668592014
1700682839.6772826,27889152.85741716,-0.08485484448770428
1700682931.2180738,27970749.70746301,-0.08776734109135978
1700683022.6822176,28052286.948300645,-0.08748862531829238
1700683114.705335,28134343.687672954,-0.08721139778269184
1700683206.6932979,28216332.707171157,-0.08693564673400046
1700683298.82281,28298404.41580214,-0.08666136054502263
1700683391.7850184,28381191.25070012,-0.08638852771031012
1700683485.6541834,28464822.984646752,-0.08611713684457273
1700683580.3751273,28549310.98972016,-0.08584717668111369
1700683675.0332675,28633764.033675373,-0.08245051210388762
1700683769.7462938,28718305.614998393,-0.08219314439133062
1700683865.0428636,28803364.964955933,-0.0819371231913445
1700683960.093787,28888181.633784574,-0.08479073735732236
1700684055.3821883,28973229.33975412,-0.0845277368544119
1700684150.6698608,29058244.29720971,-0.08117084766287494
1700684245.7778451,29143084.096946724,-0.08092012856410843
1700684340.5232694,29227613.281053435,-0.08067070487397643
1700684435.0700083,29311976.405360434,-0.08042256670259833
1700684529.6738033,29396376.992312618,-0.0801757042604953
1700684624.225698,29480705.944940742,-0.07993010785731941
1700684718.39096,29564681.345012013,-0.07968576790060189
1700684812.9895442,29649081.97997937,-0.07944267489452049
1700684907.7404692,29733618.179792978,-0.07920081943868527
1700685003.6326241,29819113.98416371,-0.07896019222694274
1700685099.141646,29904260.685069732,-0.07872078404619787
1700685194.5347135,29989301.835358325,-0.0754567232431394
1700685290.647984,30074936.614544842,-0.07522886318463695
1700685386.3904045,30160259.807771944,-0.07500214911000007
1700685482.7046893,30246172.40007302,-0.07778417434957183
1700685578.8527582,30331972.43316961,-0.07755069924861357
1700685674.666095,30417474.42082348,-0.07432280993416301
1700685770.1022115,30502645.406610064,-0.07709022740034963
1700685865.6845875,30587973.844006103,-0.07686021501483273
1700685961.5425963,30673551.811246797,-0.0766313429205699
1700686056.9471107,30758735.440994613,-0.07640360277270318
1700686152.037285,30843626.713186707,-0.0761769863075868
1700686247.248328,30928588.623719785,-0.07595148534180163
1700686342.1074083,31013245.617132377,-0.07572709177118384
1700686436.8767254,31097816.309581634,-0.07845246753848
1700686531.528177,31182249.000671968,-0.07822158701343125
1700686626.3037415,31266823.949300334,-0.07799183235320463
1700686722.0476086,31352242.234983355,-0.07776319545674124
1700686817.5627773,31437450.221828315,-0.07753566830050129
1700686914.08396,31523538.26822754,-0.07730924293753905
1700687010.9828053,31610000.48726344,-0.07708391149659091
1700687107.9530902,31696496.60318514,-0.07685966618117668
1700687206.0584319,31784057.248623896,-0.07663649926871342
1700687304.4529858,31871935.227229323,-0.07931244987835774
1700687402.8904576,31959873.484450173,-0.07908303413108664
1700687500.8972778,32047426.294759464,-0.07596762151534532
1700687599.496128,32135538.89523271,-0.07574870906737657
1700687698.1836977,32223698.75779177,-0.07553083740869065
1700687796.612541,32311624.0694775,-0.07818485535136713
1700687894.6340158,32399192.570385095,-0.07796081702524935
1700687992.3979385,32486524.84109864,-0.07773783664869266
1700688090.6381836,32574269.116535816,-0.08037075594717348
1700688188.5543816,32661720.54409138,-0.08014173436810214
1700688287.377569,32749976.14297572,-0.07991378700372502
1700688386.181734,32838224.626323182,-0.07968690642718514
1700688486.4542632,32927747.195788912,-0.07946108527991533
1700688586.4184217,33017008.897720475,-0.07923631627085513
1700688686.134463,33106054.953617934,-0.0790125921756784
1700688786.0126696,33195304.397716966,-0.08160827102966804
1700688885.9727635,33284660.74589132,-0.07856543690910342
1700688986.6848805,33374721.58779534,-0.07834481276564735
1700689088.1839988,33465465.883049108,-0.07532211589534572
1700689189.326363,33555884.63248158,-0.07511136128315944
1700689291.2476554,33646987.35251942,-0.07210855132134764
1700689393.0182502,33737927.822236285,-0.0719075110022872
1700689494.4255228,33828529.92162946,-0.07170738901109168
1700689595.7137184,33919035.09556168,-0.07150817916936082
1700689696.917299,34009473.31372732,-0.07130987535397933
1700689797.7686536,34099600.40090249,-0.07111247149649974
1700689898.2671015,34189404.768722646,-0.07091596158253373
1700689998.5907524,34279038.66495175,-0.06796183610671835
1700690098.5134609,34368313.422832206,-0.06502103101268007
1700690198.2341886,34457394.087462135,-0.06484229855718024
1700690297.5760944,34546132.39803253,-0.06466436857990955
1700690396.5919862,34634559.39098655,-0.06448723577694442
1700690495.8842123,34723174.789668635,-0.06431089489098664
1700690594.7828054,34811444.728790104,-0.06413534071085213
1700690693.2829165,34899360.5957526,-0.06123550825295374
1700690791.4816153,34987012.560621224,-0.058348558173543945
1700690889.845837,35074859.06894626,-0.05819010128410435
1700690988.1682458,35162686.704857774,-0.05803234537627889
1700691086.1045237,35250171.13776834,-0.057875285887264497
1700691183.6287806,35337299.65682736,-0.05771891829376064
1700691280.9041178,35424214.31729939,-0.05756323811154271
1700691379.1770518,35512086.25136408,-0.05471559847973027
1700691477.1593096,35599688.50046259,-0.05725661032936082
1700691575.4359117,35687526.32474841,-0.05978652098122324
1700691673.3268266,35775018.74462441,-0.05694729779984173
1700691771.7401283,35862951.614291556,-0.05679498876349175
1700691869.9107184,35950671.61304433,-0.056643341030407815
1700691967.9173062,36038256.25289493,-0.0564923503784057
1700692065.735088,36125656.41699821,-0.053680807055401784
1700692163.508729,36212999.4334812,-0.05619498039989298
1700692261.5672665,36300613.07232815,-0.058698326584382926
1700692359.2508566,36387893.89872818,-0.058542892122388654
1700692456.8938818,36475139.9532908,-0.05838812431503042
1700692554.2145507,36562099.05446618,-0.05823401895955245
1700692651.775156,36649207.20549331,-0.06071557929225844
1700692749.581575,36736563.426133305,-0.05792514826287058
1700692847.4165752,36823984.44046564,-0.05777301230641759
1700692945.1017272,36911292.62637949,-0.057621522310231287
1700693042.5983691,36998452.847737,-0.05747067424430319
1700693139.7711785,37085330.11529335,-0.05732046411206662
1700693236.7370882,37172020.66171655,-0.05456141567286034
1700693333.5801544,37258636.177124135,-0.0570245471066901
1700693430.1252751,37344975.39061985,-0.05947732400392599
1700693526.6873734,37431353.004821025,-0.05932286462453785
1700693623.9422889,37518323.92025453,-0.05916905199817569
1700693721.1997926,37605296.288829386,-0.05901588214769677
1700693818.1105974,37691964.30920298,-0.058863351128488894
1700693915.2972033,37778840.432270944,-0.06129194182405451
1700694012.0893798,37865367.67352248,-0.061134028357630064
1700694108.6034436,37951640.688148595,-0.06097676964675888
1700694205.3996003,38038181.79557111,-0.060820161705873094
1700694302.0355074,38124547.313535035,-0.06066420058167425
1700694398.2885082,38210570.82970967,-0.06050888235280734
1700694494.302604,38296385.219690196,-0.06035420312953881
1700694590.0807314,38382003.07206474,-0.060200159053438417
1700694685.6735525,38467454.00879944,-0.06004674629706495
1700694781.0110552,38552683.57337635,-0.05734952289121282
1700694876.094328,38637681.761328526,-0.05720382559646067
1700694971.047883,38722575.16890292,-0.05705872198202191
1700695066.6339965,38807955.58844046,-0.056914208498806546
1700695162.190961,38893326.798415944,-0.054241442577541425
1700695257.5775933,38978572.62964295,-0.05410448408699791
1700695353.5131779,39064385.87070276,-0.05396807942794247
1700695449.7460432,39150506.935545474,-0.05383222531564349
1700695545.68054,39236363.66527729,-0.056210409686710906
1700695642.8118796,39323254.42081068,-0.05606933882637697
1700695739.786016,39409990.59318643,-0.05592883412949404
1700695836.5047436,39496481.64652084,-0.05578889226449009
1700695933.4027884,39583142.312223755,-0.05564950992586973
1700696030.2152336,39669725.118107796,-0.0580053345882091
1700696126.980098,39756266.01107942,-0.057860847494272054
1700696223.8053863,39842823.84860381,-0.0552297154475522
1700696320.461062,39929239.72125984,-0.0550925510201648
1700696416.7426543,40015326.696512744,-0.05743577688306503
1700696512.716712,40101133.20120462,-0.054817372825809195
1700696608.5444744,40186827.19509683,-0.05468183508022995
1700696704.327606,40272468.50864688,-0.05207793410842185
1700696799.8380604,40357871.611110084,-0.04948427172356257
1700696895.3220859,40443216.41191593,-0.04936245783159227
1700696991.1934023,40528920.55365647,-0.04924112115912821
1700697087.0929434,40614677.167804204,-0.04912025896768518
1700697183.215659,40700694.250708714,-0.05145080081354909
1700697279.210737,40786614.58739009,-0.053772262375684325
1700697374.9414186,40872285.77508376,-0.05119700723359764
1700697470.393595,40957719.650225945,-0.05107207011847633
1700697565.5243611,41042872.75975119,-0.05094761714217433
1700697660.700026,41128087.92432246,-0.050823645557960886
1700697755.684748,41213143.49235552,-0.04827032068323359
1700697850.434167,41297995.16239957,-0.04815319937926537
1700697945.0131445,41382684.4477533,-0.048036528668802043
1700698039.3408585,41467162.46313056,-0.0479203060145833
1700698133.5171201,41551485.63961818,-0.047804528898352634
1700698228.1983132,41636245.05397073,-0.04527657659536097
1700698323.089774,41721182.04887067,-0.04516749559130133
1700698418.312772,41806428.926155366,-0.042653005918790614
1700698513.2862515,41891452.730894,-0.040148087143827706
1700698608.0745265,41976283.53157211,-0.04005176856675829
1700698703.0033026,42061268.430641,-0.0375600845431543
1700698798.126815,42146438.901974656,-0.03747022611109585
1700698892.936773,42231328.44699413,-0.03499164218046173
1700698987.7197416,42316168.73447605,-0.034908160829656205
1700699083.2111986,42401653.21889271,-0.03720744356752817
1700699178.4668791,42486939.03376432,-0.03949808168806663
1700699273.8285942,42572354.693990104,-0.03702835495351119
1700699369.1801047,42657787.588421665,-0.03694050075908032
1700699464.5063777,42743212.72565982,-0.036852975148571804
1700699559.6060686,42828446.42361019,-0.03439964923163987
1700699654.457973,42913462.17496956,-0.03195546725884581
1700699749.0444715,42998249.04632846,-0.03188006248396457
1700699843.57227,43083002.03557982,-0.03180493778623271
1700699937.753951,43167446.41471462,-0.03173009164549143
1700700031.763027,43251741.03292056,-0.029305416105717835
1700700125.4648976,43335760.88851779,-0.026889700285064943
1700700219.0311553,43419652.83008727,-0.026826676719028546
1700700312.4564462,43503406.52796003,-0.026763885244407228
1700700405.6793504,43586967.211439624,-0.026701324612757028
1700700498.8481727,43670464.0694565,-0.026638993584566333
1700700592.5027885,43754364.30834743,-0.026576890929176113
1700700686.02783,43838157.25729979,-0.026515015424701038
1700700779.2181892,43921654.2071674,-0.02645336585795141
1700700872.1397293,44004908.45534904,-0.026391941024355943
1700700964.8561687,44087986.6171783,-0.02401180091189947
1700701058.0587223,44171499.3630716,-0.02164030805272106
1700701151.6863413,44255403.72693823,-0.01927741658843298
1700701246.0110784,44339880.158510044,-0.01692308098412278
1700701340.5053997,44424556.86545307,-0.0145772560255058
1700701434.6974711,44508970.670553446,-0.01684744975604729
1700701530.450675,44594922.73331522,-0.016808687534992046
1700701626.0072742,44680692.84280351,-0.016770064736793353
1700701721.3903246,44766311.960777566,-0.016731580629798518
1700701816.9074507,44852033.07412443,-0.016693234487461697
1700701912.3353114,44937683.67260362,-0.016655025588299423
1700702009.3586583,45024723.187102005,-0.016616953215846577
1700702106.2012622,45111610.3728134,-0.014296013466573172
1700702203.174568,45198614.94585509,-0.014263417442997839
1700702301.0755706,45286202.08423234,-0.011953774418871906
1700702398.6706061,45373518.18786817,-0.011926588448174071
1700702495.9254942,45460532.91106268,-0.011899498824573498
1700702593.1844943,45547586.45251171,-0.009604025117635242
1700702691.1656072,45635371.540467076,-0.009582266180158802
1700702789.0634332,45723091.408653125,-0.009560583980985497
1700702886.702212,45810590.999444276,-0.009538978125669567
1700702984.1022348,45897869.38031899,-0.00951744822246193
1700703081.2781067,45984955.99216509,-0.007241782493554588
1700703178.6748214,46072257.61069399,-0.00722547843372042
1700703276.2054343,46159660.06779135,-0.007209231411968315
1700703374.2948468,46247545.45806213,-0.0071930411375971835
1700703472.066211,46335139.08872338,-0.004933931727540803
1700703569.5702434,46422490.47668211,-0.0049228787776387836
1700703667.3629625,46510119.16565681,-0.007149280516336612
1700703765.5566242,46598095.89650293,-0.0071333043689512585
1700703863.4831183,46685834.564172804,-0.007117383579300864
1700703961.4458988,46773615.16201945,-0.0071015178680862885
1700704059.5443656,46861478.14008203,-0.004859294168760323
1700704158.3534791,46950002.375462726,-0.002624802993509118
1700704257.2272286,47038621.65320793,-0.004839941256560655
1700704355.8131661,47126973.618805155,-0.004829205011166385
1700704454.5936759,47215535.84435347,-0.004818505616188801
1700704553.1580377,47303915.87184956,-0.004807842887555908
1700704651.731559,47392323.223995,-0.004797216642418587
1700704750.0372906,47480491.778268605,-0.004786626699140456
1700704848.118046,47568462.11383273,-0.004776072877287833
1700704946.8166897,47656964.33807768,-0.0025633524897688085
1700705045.7938244,47745705.204711646,-0.002557714246797174
1700705144.710539,47834381.07566057,-0.0025520951459075763
1700705243.5491912,47922987.22926657,-0.002546495092580982
1700705342.3315141,48011545.3410592,-0.00254091399291907
1700705441.2417018,48100200.53000382,-0.002535351753639144
1700705540.0946863,48188825.81817149,-0.002529808282069094
1700705639.42656,48277881.424290426,-0.0003404041914766465
1700705739.1305122,48367231.05923698,-0.0003396616688682051
1700705839.8561091,48457589.300164446,0.0018398015433638666
1700705940.966756,48548309.350318715,0.001835797844341196
1700706042.4332736,48639357.058025025,0.0018318075512161278
1700706143.8175178,48730307.46894455,0.0018278305987563218
1700706244.9335895,48821018.31861235,0.003992381120042113
1700706345.7472897,48911454.68010897,0.003983733689545223
1700706447.185271,49002434.33050927,0.0039751150384401785
1700706548.2907972,49093119.464503504,0.003966525027587386
1700706649.5945132,49183985.53453715,0.0039579635187418786
1700706750.6059885,49274583.88360039,0.00394943037454614
1700706851.4773638,49365035.02666835,0.006094379302895397
1700706952.1425672,49455305.23966573,0.008232243255334231
1700707052.5581424,49545363.53049737,0.008214556281263588
1700707152.833622,49635303.583890475,0.010342962764511725
1700707253.5954165,49725661.27019014,0.012464370404654129
1700707354.8077207,49816392.363907814,0.012437682566710698
1700707455.9454124,49907082.15769862,0.014549771745718957
1700707557.0651696,49997768.535161726,0.014518689694168963
1700707658.4006875,50088564.69042165,0.016621541648570652
1700707759.5467904,50179205.129633464,0.01658611423313238
1700707860.363444,50269550.2948557,0.014421795335986599
1700707960.8766088,50359613.89962317,0.014391125859612238
1700708061.0705976,50449397.20952749,0.014360556045266116
1700708162.0065956,50539888.8618355,0.014330085423176792
1700708262.6644523,50630138.59309462,0.012180263728253692
1700708363.1178956,50720206.09081442,0.014271556971216943
1700708463.9877684,50810628.06652405,0.01635609418494523
1700708565.0651207,50901219.83071923,0.01632154417942239
1700708666.6676748,50992278.7839038,0.01628710546439402
1700708768.0555184,51083138.05937484,0.018360453700836134
1700708869.1290698,51173721.74991751,0.01832179862720869
1700708970.4102345,51264505.450696476,0.01828326752594107
1700709071.3750057,51355010.71777601,0.018244859820784724
1700709172.3562496,51445536.65150696,0.018206574939052957
1700709273.7797437,51536406.76483275,0.018168412311593437
1700709374.9379108,51627041.058091916,0.02022416681179229
1700709476.062281,51717671.07316092,0.020181867810018767
1700709577.3515127,51808485.92708907,0.022228930649352177
1700709678.7641368,51899449.53586625,0.022182539889573135
1700709780.1769583,51990427.94501363,0.022136296209945183
1700709882.271096,52082059.18003763,0.022090198935142476
1700709984.2659397,52173582.31990007,0.02412442518298867
1700710086.806688,52265564.38268556,0.024074296237723256
1700710190.6714122,52358758.81372531,0.026100021112539465
1700710294.5006542,52451920.42815621,0.026045903622549025
1700710399.7594528,52546386.39305665,0.028063198219600835
1700710504.8810432,52640752.92149547,0.028005134745787343
1700710610.553874,52735666.900129594,0.030014069343077505
1700710716.3659809,52830712.08668944,0.032016715387118096
1700710822.0842803,52925669.18525579,0.03195068354280261
1700710928.4169528,53021153.50351484,0.03188485781816225
1700711034.4585853,53116379.03846308,0.03181923728238309
1700711140.2434926,53211380.193066016,0.03175382101024041
1700711245.7366073,53306123.236918636,0.031688608082056764
1700711350.9675472,53400628.11872434,0.03162359758366049
1700711455.989044,53494957.50650766,0.03155878860634457
1700711560.9746642,53589258.18654916,0.03149418024682579
1700711665.8166006,53683422.26442008,0.03142977160720441
1700711771.5770042,53778421.80663076,0.03136556179492403
1700711877.62947,53873632.921612985,0.031301549922731944
1700711983.611221,53968791.99000826,0.031237735108639787
1700712089.4052167,54063801.828815214,0.031174116475884518
1700712195.3462963,54158975.32096613,0.03111069315288979
1700712301.243778,54254133.17416057,0.031047464273227646
1700712407.0952764,54349274.12133733,0.03098442897558054
1700712512.9659936,54444454.21054722,0.03092158640370372
1700712618.6845055,54539498.64771832,0.030858935706387914
1700712724.3598533,54634522.27132963,0.03282051437626274
1700712830.112434,54729622.05901748,0.03477612012044738
1700712935.876805,54824719.652505085,0.034705875714045
1700713042.228888,54920323.848456696,0.036653690101941847
1700713148.4798596,55015849.5634157,0.03657980382377008
1700713254.4209495,55111103.183151945,0.03851988947417421
1700713360.2209742,55206230.42415293,0.0404541074707223
1700713466.3033402,55301579.55002508,0.040372807838399236
1700713572.6824083,55397214.45820267,0.040291753430619824
1700713679.0717742,55492834.5036133,0.040210943179931236
1700713785.143896,55588170.6206456,0.0401303760250582
1700713891.241648,55683482.233794525,0.04205165473708916
1700713997.2035751,55778680.33838206,0.04196756820545988
1700714102.9726138,55873712.810299195,0.04188373361448736
1700714208.7600136,55968789.737058386,0.04379576325402361
1700714314.434208,56063782.742236726,0.045702079267903324
1700714420.2018538,56158892.693665914,0.047602706278699156
1700714526.0604725,56254112.0901513,0.04949766876791859
1700714632.0851154,56349511.576934844,0.049399281792128456
1700714737.9370894,56444761.31392725,0.0512869352131176
1700714843.6192856,56539851.38579595,0.05316898500349866
1700714949.1043065,56634761.14433391,0.0530636124385932
1700715054.2811372,56729394.01429961,0.05295855185850033
1700715159.167123,56823758.64726502,0.05483176248388814
1700715263.8901873,56917971.1473704,0.056699441456195196
1700715368.4238548,57012006.17717707,0.056587511015330966
1700715473.554977,57106553.61941186,0.05647591024694824
1700715578.5663576,57200996.14442929,0.0563646377523057
1700715683.488903,57295370.5975853,0.05822204705559771
1700715788.2479885,57389597.98568626,0.058107556270825915
1700715893.0433729,57483844.24668318,0.057993400952024106
1700715997.9696062,57578237.58323507,0.057879579683825476
1700716102.741429,57672485.87749967,0.05776609105880124
1700716207.2441654,57766495.25456511,0.05765293367740502
1700716311.6645105,57860440.19973939,0.05949711895352093
1700716415.8605664,57954181.78352021,0.061335935364583045
1700716519.8491082,58047727.568987764,0.06121612935075386
1700716624.1581933,58141532.25302097,0.06109667122771089
1700716728.4182925,58235320.42952946,0.06097755954188048
1700716832.590435,58329034.10018841,0.06280650435033515
1700716936.5046496,58422530.610915564,0.06268429122216292
1700717040.1696153,58515802.0492765,0.0625624311679808
1700717143.767823,58609027.6742706,0.06438311782141865
1700717247.8620806,58702763.904648,0.0642581909509007
1700717351.7906532,58796356.101301834,0.06413362362333802
1700717455.6226954,58889870.780957684,0.06400941435087674
1700717559.1789424,58983132.17181932,0.0638855616538467
1700717662.4732857,59076161.49028567,0.0637620640607052
1700717765.5084903,59168961.311125875,0.065570224474269
1700717868.6269577,59261828.4692524,0.0635141988328127
1700717971.751003,59354683.89851431,0.06339176152206343
1700718074.590022,59447284.78503205,0.06519560236606925
1700718177.5252037,59539979.13773925,0.06699430367145863
1700718280.4365256,59632636.52238493,0.06878788647608268
1700718383.1236951,59725095.64889971,0.06865577251730795
1700718485.6397371,59817401.06639622,0.07044286628545701
1700718587.9266071,59909497.48890636,0.07222489353470049
1700718690.0869741,60001488.93554626,0.07208656012990466
1700718792.1797733,60093435.770369954,0.0738621811873002
1700718894.4235194,60185495.410777435,0.0756327869211669
1700719001.751081,60278921.873542,0.07548832262221718
1700719109.4681172,60372208.75954733,0.07534426536383594
1700719220.1177723,60465773.13698248,0.07710721997104038
1700719330.8258657,60559165.48288435,0.07886521950382983
1700719443.2525258,60652973.910872534,0.08061828394728864
1700719555.5885618,60746722.05957986,0.078563553044681
1700719667.654472,60840254.42861313,0.07841430369643106
1700719779.5962958,60933689.30373704,0.07826547178945481
1700719891.7811728,61027352.870519,0.08001337259470268
1700720003.8478487,61120929.95406465,0.08175639652414955
1700720116.5612638,61215105.31713173,0.08160163777107735
1700720229.0432003,61309099.046789974,0.08333854635535423
1700720341.6449978,61403204.60801985,0.08507062634151227
1700720454.017811,61497126.07890387,0.08679789697352443
1700720566.1840072,61590886.06656719,0.08852037739344568
1700720678.1051753,61684446.10664497,0.08835355822692703
1700720790.2287774,61778225.519678116,0.09007006355329199
1700720902.8358598,61872399.428306445,0.08801942143260941
1700721015.705021,61966877.764492445,0.08973353075879567
1700721128.3066962,62061144.02990973,0.08956502068436874
1700721240.651036,62155196.67583621,0.08939697458072343
1700721352.8696113,62249163.4326003,0.09110399502696284
1700721464.823185,62342921.04770198,0.09280632661843222
1700721576.628367,62436570.60293372,0.0926326551052248
1700721688.1564593,62529991.77238075,0.09245945950019116
1700721799.5780752,62623350.86823124,0.09228673793615601
1700721910.6961048,62716456.532220736,0.09398094720759502
1700722022.0817394,62809852.500519715,0.09567053035354625
1700722134.1911392,62903905.627847634,0.09549227401347885
1700722247.411949,62998952.00672846,0.09717612769111941
1700722360.4210072,63093834.11379838,0.09699537797640048
1700722473.4181573,63188742.74256735,0.09867354298899766
1700722586.1296806,63283406.87176767,0.10034715259447441
1700722698.935383,63378177.72426631,0.10201622448204432
1700722811.8121743,63473010.39447083,0.09997346702426897
1700722924.4170003,63567610.545167565,0.10164038238867709
1700723036.8389077,63662051.8596987,0.10145229718407146
1700723148.9961941,63756268.89420841,0.10126471956470841
1700723261.686232,63851042.25572058,0.10292500362448162
1700723374.198531,63945682.00300728,0.1027350254752323
1700723486.4096606,64040069.890424214,0.10254555823600978
1700723598.4375696,64134323.93368869,0.10235659994303564
1700723710.1702347,64228333.863161124,0.10216814864255945
1700723821.7460012,64322219.115754806,0.10381978012868885
1700723933.2425702,64416071.316445075,0.10546699034927433
1700724044.4967675,64509727.52040452,0.10710979621244165
1700724155.7039018,64603370.16920327,0.10874821454041549
1700724267.2979684,64697397.75613713,0.11038226207006441
1700724378.595468,64791175.90732179,0.11018005247546213
1700724489.785703,64884866.82140333,0.10997838108025262
1700724600.9769897,64978574.70138784,0.10977724583912546
1700724712.068763,65072203.60819516,0.10957664471709563
1700724823.0571523,65165747.52561081,0.10937657568943847
1700724933.7745185,65259058.19447952,0.11100136655407068
1700725044.422243,65352333.42499671,0.11262185744533709
1700725155.634426,65446110.66498501,0.11241673603955878
1700725266.7431376,65539818.31068692,0.11221215625447657
1700725377.7278473,65633441.9000694,0.11382645919178491
1700725489.2850018,65727544.99640369,0.1118027965386857
1700725601.698448,65822525.869849876,0.11341520614324596
1700725714.1375172,65917574.05791257,0.11320948293259395
1700725826.409035,66012498.65291573,0.11481671919106219
1700725939.092606,66107830.63396329,0.11641974013832286
1700726051.5899198,66203021.66744541,0.11620908086921894
1700726164.0302918,66298168.29739844,0.11780698997503114
1700726276.290402,66393163.11075529,0.11940072227086748
1700726388.729405,66488336.99326241,0.12099029331759348
1700726501.125875,66583481.514493495,0.12257571859907601
1700726613.696029,66678788.20151356,0.12235481251557236
1700726726.1849413,66774038.58629971,0.12213448129915855
1700726838.9461324,66869533.03364394,0.12371403844350652
1700726951.540457,66964897.92541869,0.12528949417961807
1700727064.1553857,67060309.97249223,0.12686086367563243
1700727177.3141253,67156173.24248199,0.12842816202518767
1700727290.245936,67251857.1225106,0.1299914042478777
1700727402.937357,67347336.54480384,0.131550605289706
1700727515.5670035,67442796.16339616,0.13310578002353593
1700727628.6618364,67538750.70433764,0.1346569432495378
1700727741.6241283,67634615.80044739,0.1344161870515142
1700727854.860538,67730769.59729867,0.135962565524452
1700727968.707607,67827490.59245765,0.13750496824614933
1700728082.5082774,67924177.74718809,0.13904340976045096
1700728196.047131,68020643.32345945,0.1387955907775855
1700728309.3719912,68116933.67253427,0.14032932738561044
1700728422.8919897,68213405.36121722,0.1400796070180648
1700728536.8374915,68310254.16681725,0.1416086699360588
1700728650.8061764,68407150.6191363,0.143133827165812
1700728765.4699123,68504660.37134434,0.14465509289227377
1700728880.1308806,68602206.11410876,0.14617248123198437
1700728994.5567396,68699561.58679439,0.1459133706973468
1700729109.4124758,68797378.64168335,0.1474261861524105
1700729224.4550245,68895397.73128885,0.14893515818707048
1700729339.573433,68993510.56574523,0.15044030067711991
1700729454.4390612,69091416.06566173,0.1519416274318355
1700729569.0171409,69189077.7525567,0.1534391521943758
1700729683.711338,69286846.7462435,0.15316841246580637
1700729798.3987052,69384603.55257896,0.15289835690208275
1700729913.1730225,69482437.58754866,0.1543907668874466
1700730027.902187,69580249.52397348,0.15587941354205162
1700730142.765054,69678208.27022941,0.1573643103404033
1700730257.5455668,69776100.01237784,0.15708769996151384
1700730373.1034317,69874700.74382727,0.15681178488062505
1700730488.4075198,69973096.0696565,0.15829167473324138
1700730603.6165593,70071435.00678742,0.1580140647237009
1700730718.7684414,70169756.39548258,0.15773715031791447
1700730834.3871078,70268552.14559175,0.15746092904278158
1700730950.036101,70367395.45300274,0.15718539843687482
1700731065.6424572,70466204.77017888,0.1586590796997499
1700731181.3041584,70565076.16856466,0.15838186804618476
1700731297.6577125,70664567.98903716,0.15985125860635685
1700731413.7653182,70763854.84221774,0.16131699043517478
1700731529.9501011,70863202.61530073,0.16277907644995251
1700731645.9358284,70962391.77496344,0.1642375295074641
1700731761.7629073,71061459.78178349,0.1656923624042979
1700731877.5237505,71160486.08368854,0.16540415099863365
1700731993.175736,71259424.22217764,0.16685480512992962
1700732109.0874357,71358564.45792536,0.1683018696513615
1700732224.7458835,71457496.11623496,0.16800976650032393
1700732340.1223235,71556188.36001526,0.16945269956089518
1700732455.246864,71654670.9769401,0.16915903086410308
1700732570.4018493,71753222.84607852,0.16886608584867466
1700732685.498336,71851750.23260406,0.17030436849210326
1700732800.7110746,71950423.94216944,0.17173911408707654
1700732916.3250978,72049521.77201103,0.17144235179009226
1700733032.2100968,72148877.39719541,0.17114631780111822
1700733147.8763351,72248045.97539006,0.17085100958996297
1700733263.3020139,72347007.64727251,0.17055642463810153
1700733379.0579104,72446252.46512507,0.1702625604386082
1700733494.8372254,72545533.10743615,0.17169114322942486
1700733610.3896477,72644623.47431526,0.17139575084803688
1700733726.2784853,72744021.30750018,0.17110107899264704
1700733842.0914078,72843379.74156693,0.17080712517713298
1700733957.6786766,72942546.24733602,0.1722306668917152
1700734073.3444064,73041798.45869139,0.17365074681356593
1700734188.880947,73140944.33745015,0.1750673768468556
1700734304.310538,73240005.50352167,0.1764805688414307
1700734419.5703537,73338916.2833158,0.17789033459312348
1700734535.3693016,73438370.18698913,0.17929668584405953
1700734651.0201738,73537704.61724627,0.17899018774521339
1700734766.5114403,73636918.87021978,0.17868443050689528
1700734881.816873,73735988.91961512,0.18008643726053958
1700734996.9879398,73834956.06126419,0.18148506188917343
1700735111.9128182,73933717.59049456,0.18288031591885134
1700735226.6202626,74032299.61819838,0.1842722108235064
1700735341.3260903,74130908.18191919,0.1839585391966572
1700735456.496518,74229984.82722494,0.18364562124443506
1700735571.8308814,74329206.42745359,0.1850332871229823
1700735688.51368,74429663.59443463,0.18471898144989748
1700735805.1707454,74530121.38827269,0.18610288675974115
1700735921.5987847,74630380.55802512,0.18578720509532679
1700736037.8018615,74730443.84798278,0.18716737288476828
1700736153.7746503,74830315.61774558,0.18854424410323137
1700736269.5947561,74930050.1526657,0.18822508722189954
1700736385.248139,75029631.9215388,0.18790669115755915
1700736500.654291,75128997.84954683,0.18758905335174553
1700736616.1584299,75228458.40612401,0.18727217125740828
1700736731.582301,75327874.21852998,0.1869560423388476
1700736846.8482876,75427177.79985563,0.18664066407165114
1700736963.373031,75527761.53544721,0.18801178731575038
1700737079.976961,75628451.9591045,0.18937966116011312
1700737196.6786296,75729246.28222586,0.19074429645991492
1700737313.2638955,75829946.74193917,0.19042340810962943
1700737430.0887055,75930861.62551066,0.19178442688355354
1700737546.8054907,76031698.59310274,0.19146222817599534
1700737663.4503675,76132465.31019965,0.19281965224759567
1700737779.942383,76233077.93066482,0.19417387805661182
1700737896.6614342,76333925.20713149,0.19552491621760984
1700738013.2099671,76434629.85514098,0.19687277729842767
1700738129.684456,76535259.13280085,0.1965431486447326
1700738245.9708016,76635736.07428168,0.19621429365047585
1700738362.0136929,76736003.84836699,0.1958862097591218
1700738477.8903947,76836135.81918694,0.1955588944253399
1700738593.848424,76936373.07815252,0.19523234511494342
1700738710.3274717,77037051.89407186,0.19490655930482823
1700738826.887179,77137833.96694387,0.19624912752377788
1700738943.1924918,77238392.21066298,0.19758856268771458
1700739059.5897076,77339077.65072107,0.19725950450984417
1700739176.5553012,77440353.73014024,0.19859547599271402
1700739293.7200582,77541843.27468783,0.19826518024942275
1700739410.6736214,77643158.14890058,0.19793565236948357
1700739527.4979393,77744371.22607398,0.19760688984269562
1700739644.2319212,77845515.11775313,0.1972788901697404
1700739760.7041714,77946437.01265556,0.19861041580821506
1700739876.9619935,78047176.3609666,0.19828118469845787
1700739993.1338193,78147827.75935838,0.19960929881077447
1700740109.321122,78248512.53194122,0.2009343427893147
1700740225.618909,78349297.24578492,0.20060191460010582
1700740341.8176174,78450001.78853662,0.20027025342713806
1700740458.327578,78551009.99683876,0.20159160736668846
1700740574.594914,78651807.2467326,0.20125874462592322
1700740690.597215,78752375.85117598,0.20092664775204716
1700740806.5325003,78852881.39979218,0.2005953142705236
1700740922.2978337,78953244.19787166,0.20026474171741682
1700741037.8548942,79053429.52659905,0.20158181802679498
1700741153.365418,79153590.44175726,0.20125004948627973
1700741268.6448617,79253557.2348827,0.20091904075291417
1700741383.7781823,79353407.91224186,0.20058878938465163
1700741499.912491,79454158.74337904,0.20190193926030134
1700741615.8582168,79554752.65283236,0.20321209013152922
1700741731.638947,79655208.53796653,0.20287871281459754
1700741847.2474155,79755536.72939871,0.20254609547039876
1700741962.611011,79855650.52498472,0.20385267654106998
1700742077.9409604,79955766.9068305,0.20351888908752316
1700742193.5032797,80056124.81252609,0.20318586044700207
1700742308.8281326,80156273.61815204,0.20448890005426737
1700742424.2377424,80256536.24733731,0.20415470924752696
1700742539.6150641,80356788.46415563,0.2038212760878365
1700742655.4709275,80457474.63518907,0.2051208022552268
1700742771.6923015,80558481.86492096,0.20478621477097078
1700742887.658824,80659271.83658192,0.2044523837618066
1700743003.8290033,80760258.9590337,0.20574842420374467
1700743119.8203745,80861089.39154354,0.20704153972224704
1700743235.880608,80961988.05487241,0.20833173956265189
1700743351.6797185,81062659.99315639,0.2096190329315642
1700743467.221881,81163110.86183216,0.21090342899705844
1700743582.5531166,81263376.02211086,0.21218493688888015
1700743699.2919786,81364934.48564564,0.21184055939978638
1700743815.8025942,81466304.33274192,0.21149695490529094
1700743932.1811733,81567575.95657057,0.21277510851494802
1700744048.4884508,81668804.02884118,0.21405039831445974
1700744164.8010986,81770071.78392799,0.21370385546869797
1700744280.9952502,81871255.94613513,0.2149760640123779
1700744397.205143,81972483.12180118,0.21624542971481026
1700744513.2100194,82073537.25246882,0.21589598141545868
1700744629.2857306,82174677.75578961,0.21554731259062443
1700744745.1327295,82275623.74275465,0.2151994208091114
1700744860.9277346,82376532.43112616,0.2148523036497718
1700744976.531336,82477283.28101665,0.21450595870145403
1700745092.4969704,82578350.52117689,0.21416038356295122
1700745208.237197,82679222.07033017,0.21381557584294997
1700745324.7281878,82780782.73007901,0.21508059593108125
1700745442.5435114,82883520.44987732,0.2163428117538173
1700745560.168647,82986094.59980872,0.21599512590288192
1700745677.842446,83088753.69009967,0.21725434043613007
1700745795.4113083,83191345.29766564,0.2169056128794297
1700745912.7814379,83293772.80729254,0.21816184293279922
1700746031.1122742,83397155.96841328,0.21941530043482238
1700746149.1843905,83500313.41456181,0.21906374180334262
1700746267.2931309,83603519.87915106,0.22031424546439787
1700746385.17327,83706529.37445855,0.22156199645188426
1700746504.1128957,83810489.19482367,0.22280700322235963
1700746622.8497896,83914273.8697544,0.2240492741979662
1700746741.3791893,84017876.89641833,0.2236913663725649
1700746859.7937636,84121388.65633717,0.2233342436509861
1700746977.9522743,84224677.99279504,0.2229779036309165
1700747096.1856542,84328034.04297629,0.2226223439197798
1700747214.2567346,84431250.50283448,0.22226756213468732
1700747332.3178623,84534479.09028293,0.22350625898914803
1700747450.1219683,84637483.53931558,0.22474225039138573
1700747567.7799723,84740363.18890813,0.22597554457865515
1700747685.612952,84843403.0467872,0.227206149754993
1700747803.346212,84946344.43185231,0.22843407409138547
1700747920.8803983,85049104.84669532,0.2280713193179193
1700748038.3263457,85151794.04241869,0.22770935343961382
1700748155.6271794,85254365.32610781,0.22893431608371936
1700748272.7608993,85356807.31441896,0.2301566193198208
1700748389.6687706,85459057.35624036,0.23137627118916107
1700748506.335776,85561088.83107688,0.23100991912264296
1700748622.864241,85663014.76504688,0.2322267978226235
1700748739.1727376,85764756.30505021,0.2334410436659329
